{
  "locations": {
    "1": {
      "name": "Ciao New York",
      "address": "Strada Avram Iancu Nr 12, Cluj-Napoca 400089",
      "photo": "https://instagram.fotp3-1.fna.fbcdn.net/vp/93a9737ca5d6c0255754096bd8b4b493/5CE9EFAD/t51.2885-15/e35/50036019_360604554492674_6503731233116232312_n.jpg?_nc_ht=instagram.fotp3-1.fna.fbcdn.net"
    },
    "2": {
      "name": "Eggcetera",
      "address": "Strada Napoca 13, Cluj-Napoca 400000",
      "photo": "https://instagram.fotp3-1.fna.fbcdn.net/vp/9d12895ffa6b2c9e0dc0295463689ed6/5D043D49/t51.2885-15/e35/50140766_2105051629556164_8045390094919427843_n.jpg?_nc_ht=instagram.fotp3-1.fna.fbcdn.net"
    },
    "3": {
      "name": "Visuin. Nut(a)house",
      "address": "Strada Fortaretei 12, Cluj-Napoca 400000",
      "photo": "https://instagram.fotp3-1.fna.fbcdn.net/vp/ff0a305df740f2aa7a0f7ac6e09d0ec7/5D2440A7/t51.2885-15/e35/51142231_354679732050599_8306095945619812980_n.jpg?_nc_ht=instagram.fotp3-1.fna.fbcdn.net"
    },
    "4": {
      "name": "New York Bagels Cluj",
      "address": "Strada Emil Isac 2, Cluj-Napoca 400023",
      "photo": "https://instagram.fotp3-1.fna.fbcdn.net/vp/45f4ff13fecb01c782db30f450e11cb9/5CDF8D93/t51.2885-15/e35/50643983_2101477416594814_7641949530901040900_n.jpg?_nc_ht=instagram.fotp3-1.fna.fbcdn.net"
    }
  },
  
  "hours": {
    "CiaoM1": {
      "day": "Monday",
      "open": "12:00",
      "close": "15:30"
    },
    "CiaoM2": {
      "day": "Monday",
      "open": "17:00",
      "close": "22:30"
    },
    "CiaoTu1": {
      "day": "Tuesday",
      "open": "12:00",
      "close": "15:30"
    },
    "CiaoTu2": {
      "day": "Tuesday",
      "open": "17:00",
      "close": "22:30"
    },
    "CiaoW1": {
      "day": "Wednesday",
      "open": "12:00",
      "close": "15:30"
    },
    "CiaoW2": {
      "day": "Wednesday",
      "open": "17:00",
      "close": "22:30"
    },
    "CiaoTh1": {
      "day": "Thursday",
      "open": "12:00",
      "close": "15:30"
    },
    "CiaoTh2": {
      "day": "Thursday",
      "open": "17:00",
      "close": "22:30"
    },
    "CiaoF1": {
      "day": "Friday",
      "open": "12:00",
      "close": "15:30"
    },
    "CiaoF2": {
      "day": "Friday",
      "open": "17:00",
      "close": "23:00"
    },
    "CiaoSat1": {
      "day": "Saturday",
      "open": "12:00",
      "close": "15:30"
    },
    "CiaoSat2": {
      "day": "Saturday",
      "open": "17:00",
      "close": "23:00"
    },
    "CiaoSun1": {
      "day": "Sunday",
      "open": "12:00",
      "close": "15:30"
    },
    "CiaoSun2": {
      "day": "Sunday",
      "open": "17:00",
      "close": "22:00"
    },
    "EggCeTu": {
      "day": "Tuesday",
      "open": "08:30",
      "close": "16:00"
    },
    "EggCeW": {
      "day": "Wednesday",
      "open": "08:30",
      "close": "16:00"
    },
    "EggCeTh": {
      "day": "Thursday",
      "open": "08:30",
      "close": "16:00"
    },
    "EggCeF": {
      "day": "Friday",
      "open": "08:30",
      "close": "16:00"
    },
    "EggCeSat": {
      "day": "Saturday",
      "open": "09:00",
      "close": "16:00"
    },
    "EggCeSun": {
      "day": "Sunday",
      "open": "09:00",
      "close": "16:00"
    },
    "VisuinM": {
      "day": "Monday",
      "open": "17:00",
      "close": "24:00"
    },
    "VisuinTu": {
      "day": "Tuesday",
      "open": "17:00",
      "close": "24:00"
    },
    "VisuinW": {
      "day": "Wednesday",
      "open": "17:00",
      "close": "24:00"
    },
    "VisuinTh": {
      "day": "Thursday",
      "open": "17:00",
      "close": "24:00"
    },
    "VisuinF": {
      "day": "Friday",
      "open": "17:00",
      "close": "01:00"
    },
    "VisuinSat": {
      "day": "Saturday",
      "open": "17:00",
      "close": "01:00"
    },
    "NYBagelsM": {
      "day": "Monday",
      "open": "09:00",
      "close": "17:00"
    },
    "NYBagelsTu": {
      "day": "Tuesday",
      "open": "09:00",
      "close": "17:00"
    },
    "NYBagelsW": {
      "day": "Wednesday",
      "open": "09:00",
      "close": "17:00"
    },
    "NYBagelsTh": {
      "day": "Thursday",
      "open": "09:00",
      "close": "17:00"
    },
    "NYBagelsF": {
      "day": "Friday",
      "open": "09:00",
      "close": "17:00"
    }
  },
  
  "openHours": {
    "1": {
      "CiaoM1": true,
      "CiaoM2": true,
      "CiaoTu1": true,
      "CiaoTu2": true,
      "CiaoW1": true,
      "CiaoW2": true,
      "CiaoTh1": true,
      "CiaoTh2": true,
      "CiaoF1": true,
      "CiaoF2": true,
      "CiaoSat1": true,
      "CiaoSat2": true,
      "CiaoSun1": true,
      "CiaoSun2": true
    },
    "2": {
      "EggCeTu": true,
      "EggCeW": true,
      "EggCeTh": true,
      "EggCeF": true,
      "EggCeSat": true,
      "EggCeSun": true
    },
    "3": {
      "VisuinM": true,
      "VisuinTu": true,
      "VisuinW": true,
      "VisuinTh": true,
      "VisuinF": true,
      "VisuinSat": true
    },
    "4": {
      "NYBagelsM": true,
      "NYBagelsTu": true,
      "NYBagelsW": true,
      "NYBagelsTh": true,
      "NYBagelsF": true
    }
  }
}